name,id,manufacturer,price
Christmas Express Festive,1001,FunkyBuys,16.99
Train Set Track Carriages ,1002,CCF,9.99
Hornby Coach R4410A,1003,Hornby,39.99
Hornby 00 Gauge,1004,Hornby,32.19
Light Double Heads Lamppost,1005,Generic,6.99
Hornby 00 Gauge Passenger ,1006,Hornby,24.99
Hornby Santa's Express,1007,Hornby,69.93
Hornby Gauge Western Express,1008,Hornby,235.58
Learning Curve Chuggington,1009,Chuggington,64.76
Hornby Gauge Railroad Mosley ,1010,Hornby,27.49
Kato (USA) 176-1308 F3B ,1011,Kato (USA),273.6
Bachmann 37-662 14 Ton Tank Wagon,1012,Bachmann,9.6
Hornby 00 Gauge 253mm Weathered ,1013,Hornby,119.5
Kato 3060-2 EF65 500 Electric Locomotive,1014,Kato,35.87
Glacier Express of N gauge 10-1219,1015,Kato,41.18
Power Trains Freight Industrial,1016,Power Trains,101.51
Chuggington Brewster Train Toy,1017,Chuggington,161.84
Kumoyuni 74-0 Shonan,1018,Kato,17.08
Bachmann 31-588 Freightliner Class ,1019,,96.05
Preiser 30495 Horse Drawn ,1020,Preiser,27.55
Preiser 30414 Horse Drawn,1021,Preiser,24.5
Bachmann Class A2 60534 'Irish Elegance' ,1022,Bachmann,149.92
Plarail - S-29 Steam Locomotive ,1023,Takara Tomy,12.87
Roco 64723 OBB Railjet Economy Coach V,1024,Roco,49.95
Chuggington Interactive Brewster,1025,Chuggington,62.91
Plarail - AS-07 Shinkansen Series 700,1026,Takara Tomy,14.44
Thomas and Friends Take-n-Play Molly,1027,Fisher-Price,39.46
Hornby R2981 London 2012 1948 Games 00,1028,Hornby,41.23
Gaugemaster HBYS Hornby ,1029,Gaugemaster,5.95
Hornby R3246TTS 2-8-2 'Cock O' The North' ,1030,Hornby,139.95
Thomas and Friends Take-n-Play Elizabeth,1031,Fisher-Price,19.99
Faller 140322,1032,Faller,25.5
Bachmann 31-688 Freightliner Class ,1033,Bachmann,50.07
Bachmann 32-882 Fairburn 2-6-4 Tank ,1034,Bachmann,99.95
Alps Glacier Express ,1035,Kato,49.33
Hornby Gloucester City Pullman ,1036,Hornby,82.31
Dapol Railway Stanier 570ft Non,1037,Dapol,14.99
Faller 140428,1038,Faller,61.48
Hornby R3086 LNER 4-6-2 'Flying Scotsman' ,1039,Hornby,69.99
Ratio 271 Pratt Truss Signal Gantry,1040,Ratio,3.4
Ohigawa Railway SL Kawane-ji,1041,Kato,50.81
High Speed Train Bump,1042,ARSUK,4.99
TRIX T23469 H0 Luggage Wagon ,1043,Trix,36.51
Dapol Stanier 570ft,1044,Dapol,14.99
S-60 EF66 Electric Locomotive,1045,Takara Tomy,11.58
Power Trains Freight Military,1046,Power Trains,14.24
Hornby R1138 GWR Passenger Freight 00,1047,Hornby,79.95
WD Austerity 2-8-0 90448 BR Black Late Crest,1048,RAILWAY - BACHMANN,135
Power Trains 2 Pack - Graffiti Freight,1049,Power Trains,8.99
Trenecito MF 8800 Windmill BS,1050,Bull Train Inc.,49.15
